table_id,table_index,row,col,val
3209,0,34,1,4E-05
3209,0,90,23,0.5
3210,0,29,21,0.00078
3211,0,18,4,0.00021
3212,0,57,1,0.00027
3213,0,50,25,0.01223