table_id,table_index,row,col,val
3209,0,34,1,4E-05
3209,0,90,23,0.5
3210,0,29,21,0.00078
3211,0,18,4,0.00021
3212,0,57,1,0.00027
3213,0,50,25,0.01223
3214,0,50,18,0.00566
3215,0,90,3,0.08902
3216,0,19,19,0.001
3217,0,89,11,0.27379
3218,0,95,5,0.27379
3219,0,28,3,9E-5
3220,0,92,13,0.3845
3221,0,29,23,0.00098
3222,0,74,7,0.0143
