table_id,table_index,row,val
1,0,82,0.14243
2,0,99,0.86738
3,0,11,0.00191
4,0,11,0.00192
5,0,59,0.01859
6,0,102,1.00000
7,0,0,0.0044295
8,0,45,0.0043496
9,0,9,0.00196
10,0,88,0.20948
11,0,25,0.0026950
12,0,101,0.8844697
13,0,10,0.00036
14,0,100,0.40979
15,0,39,0.003045
16,0,58,0.01406
17,0,0,0.00245
18,0,72,0.02101
19,0,77,0.05014
3209,1,54,0.00102
3210,1,59,0.00185
3211,1,107,0.45205
3212,1,120,0.5
3213,1,49,0.00105